Bust/Chest,Height,Weight,Waist,Hips,Body Shape Index,Cup Size
37,61,67,35,38,4,E
37,76,97,28,34,0,E
33,69,70,23,23,0,DD
41,61,59,25,26,0,D
42,71,92,24,26,4,DD
46,71,77,24,33,0,AA
46,72,77,38,43,2,AA
30,59,45,30,30,4,C
29,64,79,40,46,3,A
41,65,70,41,46,1,E
40,69,87,35,36,4,E
35,59,45,36,46,1,D
38,69,90,23,28,1,D
33,64,54,33,36,4,E
47,78,113,33,37,2,B
29,78,117,25,25,3,E
29,61,68,29,39,4,C
41,59,52,28,37,1,C
42,74,101,29,33,1,D
45,67,61,41,48,1,C
31,59,58,30,32,1,A
43,71,60,30,34,3,C
45,78,105,30,31,4,B
43,60,55,35,44,3,C
41,68,58,23,25,1,F
33,65,60,27,29,3,A
44,69,69,38,45,4,E
34,66,80,33,35,3,F
41,76,86,25,27,2,DD
36,63,65,34,35,3,D
34,65,55,39,47,3,A
38,75,81,23,24,1,AA
36,67,66,36,41,2,E
33,66,67,40,40,4,E
34,65,56,32,34,4,D
41,64,60,40,50,1,F
34,78,103,30,40,2,D
35,77,73,38,39,3,B
36,59,66,26,33,0,A
37,61,71,40,50,0,DD
38,60,45,23,28,2,DD
32,67,64,33,36,3,AA
28,66,72,36,42,1,F
35,70,83,22,22,3,DD
36,70,78,24,33,4,F
31,67,77,42,46,2,C
28,73,67,25,28,1,A
29,68,70,32,35,2,D
40,78,104,34,44,0,DD
36,74,100,39,40,4,DD
32,62,52,36,46,4,C
31,68,84,35,37,2,A
36,72,77,27,35,3,F
48,66,73,42,42,4,D
45,69,76,38,44,4,A
39,78,118,36,39,2,A
31,66,59,27,31,4,A
34,67,56,31,38,1,AA
37,73,79,37,40,3,AA
48,68,71,24,30,4,F
35,63,74,39,48,0,D
42,67,54,35,36,4,B
34,64,71,27,35,2,F
43,77,72,32,42,2,AA
38,71,64,29,33,2,F
43,73,65,38,45,1,D
43,61,49,36,44,4,A
47,63,59,30,34,4,AA
33,70,79,22,23,3,A
36,71,93,37,43,1,E
35,66,69,24,33,3,B
28,63,76,30,32,1,B
37,73,103,32,38,3,D
43,63,65,40,49,2,D
28,70,95,22,30,3,E
31,58,41,30,38,0,C
35,59,56,27,28,1,A
46,65,78,29,39,4,AA
36,58,41,33,37,3,F
37,69,89,22,31,4,C
46,71,85,41,45,3,F
39,70,59,30,37,1,A
28,68,62,27,31,0,DD
48,75,106,39,43,1,E
38,58,63,39,48,1,DD
33,74,69,32,41,1,AA
40,73,98,38,45,3,F
31,72,92,34,38,2,DD
40,65,51,36,45,3,DD
43,76,81,26,32,2,AA
46,71,79,23,33,2,DD
38,59,48,38,47,2,A
44,66,69,39,44,0,F
40,62,64,30,31,2,C
38,67,63,23,32,1,D
41,67,69,36,36,0,AA
40,59,66,24,27,4,B
47,66,73,36,38,4,C
33,70,90,39,49,2,A
28,69,80,36,45,4,C
34,63,54,23,25,0,D
44,70,72,23,29,0,F
43,60,57,26,30,4,DD
28,61,60,33,33,4,D
37,70,94,36,43,3,B
33,73,75,31,39,3,F
28,66,73,39,46,1,DD
45,65,67,35,41,4,DD
43,60,51,28,38,1,F
33,60,56,28,38,4,DD
40,65,56,22,22,3,AA
33,65,52,34,37,1,AA
32,64,57,22,31,3,DD
28,58,50,35,45,4,AA
44,60,54,40,48,3,B
29,60,70,35,40,1,DD
45,77,82,23,26,2,A
32,71,84,41,43,0,B
33,63,59,31,36,4,D
35,67,70,22,22,2,B
45,65,76,36,36,4,F
35,60,52,23,25,4,C
42,60,46,37,37,4,DD
30,62,60,25,28,3,B
33,58,56,39,39,2,D
44,61,56,27,37,3,B
41,63,65,35,41,2,D
33,78,73,36,37,2,E
30,72,93,31,36,3,DD
40,60,57,22,26,1,A
28,65,68,31,40,1,E
42,76,111,36,40,3,D
35,74,77,32,42,2,D
42,62,71,39,49,1,B
35,68,79,37,46,1,DD
40,61,69,27,32,2,E
29,59,61,33,43,2,C
33,61,55,31,31,3,D
37,74,78,37,42,0,AA
44,65,77,26,33,3,F
43,64,56,37,44,1,C
34,60,55,26,27,4,A
43,76,87,33,41,3,D
29,69,85,38,45,0,B
46,71,81,35,44,1,F
39,59,42,35,38,0,C
35,78,94,27,34,0,D
45,63,66,22,22,0,B
31,76,71,33,33,1,E
45,72,78,37,47,4,DD
44,62,56,25,28,1,A
46,78,80,24,29,3,C
40,65,74,28,38,3,C
39,75,109,42,42,4,F
39,64,72,32,39,3,E
37,73,79,32,33,4,DD
30,67,79,29,34,2,A
32,71,64,33,42,0,E
45,64,70,28,37,1,D
33,64,51,36,40,3,AA
45,65,71,26,34,1,D
29,64,59,30,34,2,B
32,78,116,39,43,4,D
35,75,76,27,36,1,DD
29,66,73,31,41,4,D
37,66,53,28,29,4,A
28,65,50,23,29,3,D
42,63,47,32,38,2,E
38,65,64,40,41,1,C
30,60,59,39,40,0,A
43,61,68,28,30,3,F
33,69,85,24,30,4,A
40,62,66,35,39,0,D
36,78,100,22,29,3,A
31,76,99,41,48,3,A
46,64,66,33,43,2,DD
41,63,62,30,37,1,D
45,67,60,35,38,4,A
39,70,94,33,37,3,D
28,73,73,41,48,4,AA
31,68,67,25,35,2,DD
37,78,76,26,36,2,AA
33,63,56,36,46,1,E
44,65,58,34,34,3,A
33,74,82,40,50,0,D
42,76,78,41,47,4,D
38,59,65,37,40,0,DD
47,69,74,23,29,2,DD
43,59,47,22,27,2,AA
39,59,45,29,39,0,DD
36,73,73,41,42,4,AA
42,62,74,41,50,1,D
38,69,77,36,44,1,AA
33,60,43,36,40,0,E
34,73,68,24,27,4,F
29,58,59,38,47,3,A
42,76,80,41,47,0,B
34,65,50,32,39,0,B
41,75,98,32,40,2,A
34,63,60,30,38,3,A
33,73,102,35,44,2,B
33,60,46,37,47,2,F
43,69,66,39,46,4,C
42,61,44,22,31,4,C
28,59,64,27,33,0,F
34,63,70,41,47,3,D
38,69,66,23,31,1,C
46,67,85,41,47,2,A
45,65,76,41,44,4,C
32,69,83,31,37,4,DD
36,76,76,40,50,1,DD
42,60,47,35,37,1,F
33,72,77,31,33,1,F
41,60,70,23,23,1,A
28,58,45,26,31,2,D
29,71,98,25,34,0,AA
42,71,60,28,34,3,E
28,66,56,23,28,2,B
32,73,103,42,42,0,F
28,62,63,33,35,0,D
40,59,65,31,39,1,C
33,73,77,37,40,2,E
35,75,99,23,33,1,B
28,65,50,33,37,1,C
31,58,44,23,33,0,AA
40,78,101,34,39,2,A
34,58,45,28,32,0,B
40,65,78,36,41,1,A
40,68,56,40,44,3,F
33,64,52,24,32,2,F
42,66,57,38,47,2,D
44,76,77,38,46,4,D
32,78,116,34,42,3,DD
41,63,52,28,33,0,C
40,61,65,34,44,4,A
40,70,87,31,31,4,DD
31,61,67,40,49,1,DD
28,70,64,24,25,4,B
34,72,66,40,40,0,C
48,71,67,31,31,1,DD
29,66,78,31,41,4,A
41,73,79,38,42,2,F
44,77,87,36,37,3,C
42,62,51,31,35,4,AA
31,62,52,37,41,0,E
41,78,89,28,35,1,F
47,67,68,38,39,2,F
36,76,80,22,29,3,B
45,59,57,38,45,1,B
47,69,62,27,37,1,D
33,65,65,23,23,0,AA
28,58,63,31,37,0,D
34,58,49,37,45,2,AA
41,66,71,39,44,4,AA
40,77,104,25,29,1,D
48,67,74,22,25,2,F
40,69,82,32,38,2,E
36,75,104,29,31,1,C
29,60,46,30,33,0,AA
28,60,59,31,33,4,C
34,77,77,34,37,0,AA
38,74,84,22,27,2,A
48,77,108,33,43,4,C
45,71,81,39,46,4,DD
33,59,60,33,40,1,AA
37,76,72,32,42,3,F
32,78,93,29,38,0,B
31,71,86,35,40,4,DD
46,58,54,39,49,1,A
28,68,86,29,38,2,F
35,68,69,27,29,0,E
48,61,61,22,24,3,E
46,76,93,35,42,0,C
38,58,42,23,33,3,E
31,72,83,40,41,4,D
46,71,94,24,24,2,E
40,65,53,35,39,0,F
36,61,72,23,24,0,B
40,72,95,26,26,3,A
33,59,52,34,37,0,C
46,67,63,31,34,2,B
48,73,81,34,39,3,AA
37,74,82,27,32,3,B
43,69,75,28,33,0,B
39,63,71,23,28,1,D
43,68,78,41,42,4,C
35,61,65,34,36,3,DD
47,62,58,29,35,4,DD
38,68,72,29,38,3,A
41,77,78,27,32,4,E
28,76,106,41,45,0,DD
31,60,61,39,46,4,C
42,75,99,38,44,1,E
31,76,95,31,40,2,AA
43,63,49,38,47,0,AA
35,74,67,22,26,3,D
41,77,72,40,46,1,B
36,72,89,39,45,0,E
28,78,101,40,47,0,AA
32,78,97,39,41,1,DD
31,65,56,34,36,3,D
37,77,88,39,40,1,F
46,61,66,31,39,4,B
28,75,102,34,41,1,F
33,68,75,34,41,2,DD
40,60,50,31,33,2,B
35,74,95,22,28,1,E
29,76,107,32,38,4,B
30,61,71,39,49,1,DD
44,78,112,27,30,2,F
30,74,82,33,42,4,D
32,59,50,31,39,1,D
39,72,74,38,45,0,E
41,77,111,27,27,1,E
32,61,62,33,34,4,A
30,71,71,27,37,4,AA
40,78,92,28,36,3,B
40,69,89,39,39,0,B
44,67,72,32,40,2,A
46,68,65,37,45,0,A
29,72,69,30,36,2,C
42,78,108,39,40,3,B
39,58,61,31,38,3,D
43,63,69,42,48,2,DD
38,64,75,38,45,0,D
34,76,104,40,40,0,A
42,73,69,35,41,1,AA
33,74,78,22,22,3,DD
41,64,63,26,30,2,AA
36,73,83,34,36,2,AA
40,62,47,36,36,1,C
28,60,52,24,30,1,C
47,64,64,32,42,1,C
39,66,65,33,35,0,A
41,66,66,34,44,0,AA
42,77,115,40,46,1,AA
34,69,74,33,40,4,DD
38,67,77,31,39,4,F
35,76,92,33,43,1,AA
36,60,47,33,43,3,C
34,66,55,29,39,4,E
33,67,70,37,44,1,F
30,67,69,42,42,2,A
32,73,101,27,27,3,B
44,61,57,23,31,2,AA
43,70,86,25,27,1,E
41,70,85,35,42,0,B
36,73,86,28,38,0,AA
45,72,91,33,39,0,B
47,71,72,28,35,1,F
40,69,76,36,40,2,B
31,70,60,23,24,2,AA
33,67,69,24,26,2,B
40,62,57,29,33,4,F
30,78,92,38,42,2,A
39,62,46,26,28,2,D
37,76,69,28,28,3,D
47,69,71,41,45,0,D
30,62,48,29,30,0,AA
36,72,80,27,30,4,F
37,72,62,29,34,1,AA
44,76,80,30,37,4,AA
29,67,80,34,43,3,A
28,58,45,28,33,1,B
28,67,75,29,39,2,A
36,62,57,25,33,2,E
36,71,60,26,34,4,C
32,59,61,27,31,1,E
33,76,112,22,22,3,D
29,76,72,37,40,3,F
41,59,62,25,33,4,DD
42,60,65,28,38,1,B
28,60,67,34,37,4,F
39,63,69,38,42,0,DD
36,60,58,26,34,0,B
33,73,83,38,38,0,B
47,68,86,38,46,3,A
41,64,67,40,48,1,DD
35,64,65,40,50,0,DD
44,75,72,32,42,2,AA
30,76,96,27,33,0,D
46,70,72,23,23,3,A
32,72,69,37,37,0,C
39,74,94,41,43,4,E
42,69,86,28,30,3,E
35,64,79,42,46,3,AA
34,61,46,37,47,0,F
45,70,80,27,35,2,E
40,74,74,27,28,1,AA
34,66,58,32,42,0,A
35,73,80,30,33,0,A
33,68,58,38,41,2,DD
33,76,77,24,29,2,DD
38,76,105,30,33,4,A
35,77,72,35,42,0,F
44,74,72,28,30,4,AA
46,73,76,38,42,3,AA
37,75,85,41,46,0,D
42,69,77,42,50,3,E
30,64,56,36,46,2,E
38,72,62,39,45,2,A
33,59,45,25,29,4,AA
41,76,102,32,36,0,AA
46,59,62,35,39,1,C
35,66,62,34,35,2,A
31,78,73,30,31,0,E
29,73,72,37,45,0,E
29,70,73,37,43,1,D
34,70,93,36,42,3,F
38,67,79,25,25,3,F
29,60,50,23,24,2,F
30,66,64,35,35,4,D
38,78,91,27,32,1,DD
33,59,42,27,37,0,D
48,64,66,24,29,2,AA
47,68,65,36,41,3,DD
48,73,74,22,27,4,E
30,71,87,34,44,1,E
31,75,84,25,30,2,A
32,76,86,41,47,4,A
35,65,64,37,44,3,DD
43,70,71,29,36,3,B
30,71,84,39,39,4,E
44,77,85,26,28,1,DD
33,63,75,33,34,0,F
41,58,49,26,28,0,B
44,60,60,39,45,1,F
34,69,84,33,34,3,DD
37,64,66,38,38,1,A
29,70,71,26,26,3,B
43,70,95,41,41,3,C
30,66,60,22,32,1,DD
29,73,103,42,48,1,E
43,72,76,28,35,3,AA
36,66,73,30,37,3,E
44,67,55,24,24,2,C
31,76,71,33,42,2,AA
32,66,56,29,37,0,DD
32,78,102,26,34,1,B
30,59,48,22,26,4,A
31,60,70,38,46,2,A
38,73,69,40,42,2,A
43,68,59,26,33,0,C
34,69,77,41,50,4,AA
39,68,71,37,44,3,A
36,59,50,34,41,0,C
41,66,55,29,35,3,D
29,72,77,34,39,4,E
42,63,47,29,34,4,C
39,70,63,37,42,3,A
28,62,49,30,30,3,B
41,63,48,34,39,2,C
43,65,63,35,35,2,DD
40,70,84,25,32,3,E
28,60,69,41,49,0,A
29,78,95,35,42,3,E
36,74,104,33,42,3,DD
38,66,79,34,37,0,F
36,77,92,23,32,1,A
34,73,66,28,29,0,AA
37,62,49,31,40,4,A
43,74,93,39,48,3,F
43,71,76,32,40,2,A
36,71,76,32,36,2,AA
40,58,60,26,36,1,E
32,75,102,24,27,4,C
45,60,56,27,36,2,F
37,74,72,34,34,4,A
38,67,59,38,38,1,DD
45,66,73,35,45,0,AA
28,61,55,31,40,3,B
48,58,63,22,22,3,A
47,76,84,34,37,1,B
43,72,75,22,29,1,F
44,74,87,39,46,3,B
35,67,54,32,35,1,A
33,59,52,25,33,3,F
39,77,79,38,45,1,B
30,78,74,26,33,3,E
38,66,56,22,29,2,B
33,78,83,24,33,2,A
36,66,65,35,41,0,DD
36,77,86,35,40,1,B
48,78,84,39,45,3,DD
44,77,98,31,37,0,A
34,69,71,36,43,3,D
38,63,69,34,35,2,DD
32,61,60,24,33,2,AA
37,73,98,24,30,3,E
43,65,72,25,27,4,A
47,74,103,42,50,1,B
36,74,101,34,34,2,E
43,74,89,26,31,0,AA
40,60,46,23,24,0,DD
30,62,53,26,32,2,DD
28,62,50,24,30,0,D
38,72,88,36,36,4,C
28,74,66,36,39,0,AA
46,72,67,33,43,4,DD
34,66,79,25,28,1,C
48,65,79,40,50,0,DD
36,62,61,30,39,0,A
31,61,53,35,36,4,AA
42,70,94,35,45,0,AA
29,78,87,27,28,3,B
40,62,54,25,28,2,F
30,69,76,32,35,0,F
46,75,94,23,25,3,DD
30,60,66,41,49,4,C
32,68,66,23,27,0,D
46,71,69,39,47,3,C
32,74,92,39,48,1,E
48,72,63,30,34,0,AA
33,69,71,27,33,1,E
37,77,94,32,35,1,D
28,73,86,40,48,2,E
37,68,58,25,34,4,F
39,68,56,24,24,0,AA
31,66,82,42,50,1,C
45,64,73,36,40,2,D
45,63,54,29,37,4,A
30,60,59,28,31,4,A
40,62,70,34,36,3,DD
47,66,84,36,38,0,F
34,61,45,25,29,1,E
33.850773,84.62201,86.28457,18.17114,45.707798,3,F
34.076565,81.54857,83.969505,19.938192,43.00637,3,F
32.65179,80.58555,80.46603,18.889341,40.900753,3,F
32.832554,85.831215,98.22293,21.823992,38.452354,3,E
35.548985,83.39344,92.32908,22.034536,40.123497,3,E
33.60507,83.129135,83.94054,18.907194,43.748714,3,F
32.587128,84.92998,88.44132,16.413082,44.81169,3,F
32.33168,88.61361,98.79451,16.6902,41.79586,3,E
33.153046,89.73359,98.42672,15.87926,43.002087,3,E
33.910984,81.24618,74.528854,15.877353,46.145756,3,F
32.675957,80.87938,83.33029,20.519917,40.737377,3,E
32.334854,85.543304,80.895004,14.226767,45.80703,3,F
32.88786,86.17673,94.87137,20.822979,38.97238,3,E
32.91299,89.06679,91.68941,13.564524,48.076897,3,F
32.526787,88.35032,100.41382,18.440874,40.56751,3,E
32.22309,87.44884,96.643234,16.298052,42.213757,3,E
34.16318,86.10806,94.700745,18.533945,40.739742,3,E
33.9147,86.17338,93.70945,18.455898,40.79552,3,E
32.609882,86.30009,87.09702,16.276989,45.370617,3,F
31.524044,80.99238,75.51075,16.710194,46.504375,3,F
34.6041,83.032326,86.447105,18.936256,41.13248,3,F
32.744747,79.8913,78.41956,19.248672,42.1853,3,F
32.982365,86.1057,95.63933,18.349628,41.025803,3,E
32.388268,87.865555,102.89687,20.941751,38.115013,3,E
33.053303,83.53434,90.71414,19.083933,44.891396,3,F
34.17306,79.24261,76.14986,20.006124,45.15075,3,F
33.96751,83.34164,86.43476,18.656126,41.703243,3,F
34.002632,82.77204,83.96664,17.95103,43.645134,3,F
33.00618,89.52805,97.788284,14.98609,42.60785,3,E
30.682539,90.68023,98.68531,12.5827675,44.84693,3,F
33.654533,83.89267,94.02826,22.856693,38.051113,3,E
33.15068,88.14467,102.00523,21.023977,38.218708,3,E
33.637066,85.52505,92.04734,19.22137,42.903362,3,F
32.411324,87.43855,89.31314,13.823069,45.025127,3,F
33.520214,85.44198,84.84888,14.621273,45.211483,3,F
33.89815,83.4652,88.96094,20.621885,41.35979,3,E
33.738274,81.276825,84.0232,20.435184,42.06843,3,F
31.801928,83.758804,75.02425,13.617325,44.491787,3,F
34.33981,80.800835,86.4893,21.390125,41.04884,3,E
35.556343,83.729744,92.43234,19.025238,41.523403,3,F
32.2751,87.067444,97.39791,17.414896,41.038742,3,E
34.247414,79.96947,77.4707,18.777119,44.250328,3,F
33.347496,83.05889,85.24251,17.878492,41.623352,3,F
31.680433,89.14496,94.49377,14.777042,46.120373,3,F
33.115524,81.08691,84.93469,20.487833,42.19301,3,F
33.570724,81.90589,85.28718,19.631165,42.74087,3,F
32.46004,84.80571,87.06804,15.014355,44.03353,3,F
33.686222,83.07903,82.92884,17.351257,43.378292,3,F
32.910564,83.36861,86.5887,19.53358,41.06308,3,F
31.932346,88.58186,92.68827,15.019442,43.404015,3,E
33.6073,81.860695,86.83329,20.010223,40.428925,3,E
34.06455,91.65646,101.008575,14.174503,44.037575,3,F
35.152092,86.17544,98.33924,19.828533,38.199177,3,E
33.24597,84.46202,89.964294,18.054035,41.38462,3,E
34.74194,83.54261,90.036736,19.812231,41.92236,3,F
34.19606,80.865974,84.83918,20.305769,42.63261,3,F
33.07665,84.025444,88.64495,17.662498,40.219658,3,E
33.168606,85.6143,91.744514,16.438934,43.805286,3,F
33.017017,84.04395,89.7937,19.63167,40.83269,3,E
34.16534,82.326706,82.52797,19.083334,42.640858,3,F
32.876205,79.83867,77.81833,19.983986,44.059494,3,F
32.095104,90.97164,109.1871,18.689665,38.207973,3,E
33.059967,79.057205,80.25438,22.058815,41.667465,3,F
33.98392,82.86572,84.616615,17.045313,45.031937,3,F
33.009403,84.26442,90.82022,18.46108,41.570717,3,E
32.81773,89.016685,93.33256,15.872117,42.139874,3,F
33.728077,82.886635,89.52727,21.357416,39.543682,3,E
33.0219,82.74592,76.46742,15.613909,47.55155,3,F
33.797737,88.71258,102.48113,19.052803,38.816074,3,E
33.97986,88.84398,104.45452,19.263453,37.017044,3,E
33.846565,89.4863,104.20319,18.024744,40.83489,3,E
33.507515,86.426025,92.86512,16.7077,41.847385,3,F
32.396015,90.20802,103.35468,17.018345,40.467052,3,E
32.59484,90.25575,102.02479,15.110224,41.6428,3,E
33.96918,83.91356,90.819244,19.195477,40.508945,3,E
34.113815,82.39712,87.90642,19.799215,41.100094,3,E
33.368675,86.102936,98.37029,20.726183,39.54816,3,E
34.744534,83.36025,91.091064,20.701363,39.53764,3,E
33.080677,90.837135,108.84092,20.068691,37.238106,3,E
33.480618,83.62072,86.84969,18.393562,43.288296,3,F
33.46318,87.87416,94.25085,16.808311,40.090076,3,E
33.7927,82.03505,84.10789,19.305597,42.78302,3,F
35.536137,83.90394,85.56939,18.088486,44.36588,3,F
34.152664,82.711914,90.47931,22.397459,40.430927,3,E
34.19409,82.931015,82.65702,17.025402,44.260204,3,F
32.605724,81.779236,83.27879,18.16094,42.09176,3,F
31.674984,83.86638,81.80609,15.744806,43.85795,3,F
32.84994,83.302864,81.68877,17.210583,45.960728,3,F
35.22813,87.83883,99.81846,17.519758,41.834652,3,E
32.302986,80.828575,82.8638,20.199762,42.562504,3,F
33.31804,84.019775,89.35041,17.665976,42.44099,3,F
31.145622,86.40629,87.58051,13.429152,46.298115,3,F
33.981503,84.63871,84.6793,16.984552,44.899136,3,F
32.914345,86.39163,96.38219,20.26194,38.93805,3,E
35.215473,80.52402,85.06692,21.14732,41.63678,3,F
34.633595,84.220665,82.84327,16.139196,42.54631,3,F
34.9571,84.801445,91.40174,18.08188,41.658115,3,F
32.853157,79.40154,68.287056,18.136847,46.127983,3,F
32.247375,85.71531,85.03105,15.236446,45.972427,3,F
33.2627,81.92976,84.01322,20.177324,42.364937,3,F
33.375996,81.30985,82.885635,19.499718,42.282856,3,F
34.06314,84.15656,93.53309,21.708796,39.549103,3,E
33.96309,91.32403,102.5077,14.233929,44.081703,3,F
32.889523,81.55369,78.32819,17.655008,44.022152,3,F
31.638834,88.01158,84.84696,13.789061,49.783672,3,F
33.98735,80.97523,78.86529,19.417994,43.332626,3,F
30.781242,93.45134,107.19666,14.885336,39.88437,3,E
33.937923,84.269165,89.352745,16.947546,42.849236,3,F
32.803226,84.48073,88.019325,17.96988,44.55207,3,F
34.81779,89.33695,99.69266,14.423191,41.39083,3,F
33.37126,84.413216,81.6557,15.5995865,45.1426,3,F
33.23297,86.54192,96.94672,18.676165,41.226482,3,E
33.5617,85.62067,88.53305,17.03197,44.168716,3,F
33.966236,88.46726,99.61933,16.104797,42.019135,3,F
35.31675,86.22835,83.28171,14.027262,46.22794,3,F
33.838295,82.3411,87.339005,20.725523,40.940968,3,E
32.75989,86.85055,90.92437,14.630074,43.41769,3,F
32.337646,86.51067,96.72916,19.351225,40.167793,3,E
33.604275,87.39274,95.079025,14.983665,43.712585,3,F
31.659176,86.83641,96.427414,18.091354,41.544987,3,E
35.017685,80.32925,78.1295,21.151949,42.17376,3,F
33.040913,94.571,109.93633,15.303986,41.171116,3,E
33.115284,83.07746,86.20632,18.455355,41.405853,3,F
31.251972,82.23609,81.99457,19.30914,43.841763,3,E
33.836742,80.34602,80.284546,19.521149,43.97257,3,F
33.427193,83.20891,87.49326,20.979605,42.46928,3,E
33.73056,86.70596,96.303185,17.929543,42.20868,3,E
32.995502,84.43861,90.22592,17.491116,44.706795,3,F
32.483875,86.30132,82.68421,13.97954,45.866062,3,F
33.95556,81.21143,82.16466,21.154154,41.75371,3,F
34.72199,85.49666,98.16833,19.726566,39.973183,3,E
33.367924,91.416466,101.118805,15.185043,43.29772,3,F
33.305492,88.4006,104.476524,20.496145,38.138687,3,E
33.36854,85.97172,96.82375,22.56548,38.26836,3,E
34.17149,85.984314,88.268364,14.443193,43.77844,3,F
32.083286,85.54738,91.9709,20.168718,39.599308,3,E
33.527107,87.633,94.51079,17.823927,42.72838,3,E
32.89326,84.80018,90.41685,18.613129,42.94778,3,E
32.73533,84.95417,89.36173,18.487904,40.938206,3,E
33.429276,80.58055,83.381165,19.19785,41.751377,3,F
34.22397,81.36306,82.11043,18.824862,44.03684,3,F
33.25119,87.2596,99.10813,17.621073,40.405464,3,E
32.716103,85.057655,90.289154,19.29766,41.39963,3,E
32.490578,82.92552,84.72853,17.805874,42.822777,3,F
34.55977,78.28569,82.74252,21.854229,40.91807,3,F
32.061718,86.178024,94.954315,20.074888,39.813984,3,E
32.47832,83.1002,86.26677,18.186752,41.448162,3,F
34.198612,88.97791,91.34801,14.076677,45.887,3,F
33.696262,82.27001,80.15883,17.796652,46.116848,3,F
34.37498,83.21525,84.96855,16.584057,43.68536,3,F
34.17525,81.92851,84.40624,19.1103,42.105133,3,F
33.01221,81.90326,82.13522,18.992685,43.261436,3,F
32.957043,85.49789,94.58974,18.78942,40.556347,3,E
30.983465,87.19162,86.42498,12.004137,44.11597,3,F
32.93846,83.01416,82.45713,17.741468,43.848373,3,F
33.882675,84.52686,86.83811,16.92561,44.371544,3,F
31.932856,85.49036,90.795456,17.766226,41.907883,3,E
31.694323,87.76567,99.46411,19.851782,39.439167,3,E
34.17328,82.08533,94.3832,24.701078,37.155697,3,E
33.473427,81.46961,81.273186,18.955246,41.69408,3,F
34.76245,84.63393,94.66175,20.897469,41.084545,3,E
32.92173,86.79139,90.54898,15.81249,42.917515,3,F
33.05362,82.475136,88.71424,21.211851,41.013344,3,E
32.642975,84.57068,87.62419,17.054365,41.56061,3,F
32.487446,84.29293,87.19626,18.113438,42.36325,3,F
33.415493,87.000496,101.90524,21.688753,38.309566,3,E
34.495983,80.85341,85.06996,20.759117,40.68309,3,F
34.043777,78.50617,82.64034,23.475283,41.275116,3,F
32.652283,88.36944,97.38797,17.198145,40.685974,3,E
32.517696,80.427574,74.99853,18.133383,42.056,3,F
33.732403,80.41108,71.42103,17.35157,46.02606,3,F
34.664852,86.461655,97.676254,17.764715,41.275826,3,F
32.79393,81.43635,79.188705,18.060396,44.428394,3,F
33.877666,83.05842,81.084694,16.94818,43.79598,3,F
33.8453,82.582825,82.88705,17.519705,42.78862,3,F
34.18174,87.64048,101.323235,19.895782,39.5502,3,E
33.238346,82.94902,85.602776,18.33774,42.59034,3,F
33.37172,86.12758,88.00664,16.263115,43.611282,3,F
32.247623,84.00469,89.0511,18.613895,43.18994,3,E
35.57947,84.28424,97.06118,21.447924,39.311726,3,E
33.901665,86.35947,93.05932,17.509737,44.58757,3,F
31.570705,83.356514,84.750946,17.202852,44.45981,3,F
34.273746,87.37986,91.492386,14.768877,44.60368,3,F
31.450024,86.06151,91.97454,18.474445,42.047924,3,E
33.158665,86.53445,98.1426,19.259686,41.35707,3,E
33.32681,90.65074,97.41011,16.056911,43.021187,3,E
33.336575,88.833405,99.905,17.016785,41.973194,3,E
33.31476,87.52845,94.11093,15.597517,44.21894,3,F
33.884945,83.23555,87.13573,18.370594,42.496113,3,F
32.509224,90.670746,102.47665,15.814114,40.846504,3,E
34.392754,84.87616,84.253006,15.164364,45.391632,3,F
33.020508,90.766594,96.477135,12.774742,44.948948,3,F
33.51947,88.95147,101.53478,17.411066,39.67363,3,E
32.93537,85.09983,84.195045,15.898706,46.219444,3,F
33.64398,80.12222,84.64165,22.37889,39.671238,3,E
33.705906,83.37004,87.9974,17.661499,43.03229,3,F
34.653008,85.270164,89.027245,15.792614,42.93875,3,F
34.31358,83.23703,81.934364,18.18653,43.28243,3,F
33.402122,82.96661,76.93415,16.39519,46.718876,3,F
32.76972,81.05108,78.65045,17.986471,43.63745,3,F
33.895172,80.60329,80.997665,20.195852,43.455532,3,F
33.449768,87.71212,94.64585,17.49041,41.47487,3,E
32.27689,87.419334,93.923416,17.16605,42.072487,3,E
33.028095,86.295296,82.12764,14.529198,47.396385,3,F
32.509884,87.34769,98.55615,18.239046,42.20265,3,E
33.6897,80.92865,78.83597,18.847708,45.290478,3,F
33.178,87.13238,101.7403,19.648796,39.14797,3,E
32.48347,84.8451,91.15298,21.09788,39.849598,3,E
32.986954,83.54799,85.80796,18.131317,44.738445,3,F
34.213108,80.26473,74.83865,18.483543,44.47073,3,F
33.26171,87.67451,98.53576,18.174757,41.088905,3,E
31.935038,87.6244,97.78655,17.933558,39.614273,3,E
32.741047,84.643486,93.75088,20.92894,39.212452,3,E
31.954943,88.9402,89.07819,11.6950245,45.710957,3,F
32.465816,85.05289,94.92832,21.055635,39.51251,3,E
33.401497,86.16555,90.38386,15.293192,43.06729,3,F
34.04465,82.70545,78.67326,16.513985,46.668243,3,F
33.457523,81.14576,83.86335,19.324392,43.06283,3,F
33.97587,79.93102,86.28191,22.438198,39.9053,3,E
33.301846,92.67084,109.40119,18.076601,41.279907,3,E
32.74249,88.09499,101.604256,20.182825,37.975887,3,E
35.037952,80.314964,75.88063,19.085823,44.371605,3,F
33.27857,81.97592,88.495255,20.313639,39.872284,3,E
34.13659,90.85751,103.05429,17.530745,39.669525,3,E
33.78278,83.61426,86.74595,16.507196,43.91856,3,F
34.251717,82.13702,89.45882,20.698908,41.138477,3,E
35.517452,84.03361,84.43649,16.623323,44.654484,3,F
34.64166,84.389435,90.148506,19.470192,40.822987,3,E
33.226814,86.62891,99.26176,20.749834,37.675484,3,E
34.531902,85.40658,94.87593,20.042482,38.67741,3,E
32.58384,83.180885,82.3105,17.160728,43.884483,3,F
32.63373,88.10734,96.321396,16.002293,41.688522,3,E
32.93653,88.5206,98.27116,15.708401,43.024323,3,F
34.15243,80.45253,82.398445,20.732012,40.042572,3,F
32.636784,86.65738,88.733986,16.167593,43.121155,3,F
33.87736,82.80131,89.76153,19.848488,39.663303,3,E
32.56137,86.29775,88.00205,16.030066,45.28145,3,F
33.619198,90.34802,98.56052,15.837022,40.962,3,E
33.19971,85.91086,87.93856,17.31295,44.326794,3,F
31.714258,87.12529,89.23967,14.690094,45.35453,3,F
33.786037,80.07953,83.98957,21.814232,41.483177,3,E
34.767467,83.08734,86.434685,19.389965,42.422264,3,F
33.946136,83.86591,84.20766,17.312819,42.89426,3,F
35.35021,82.88217,85.699524,19.247112,42.902077,3,F
35.417522,81.75997,87.22464,21.886877,41.951126,3,F
33.651497,88.57934,95.15325,14.710844,43.82305,3,F
31.969728,86.07596,91.55866,17.962677,41.474037,3,E
33.807575,85.15049,91.90384,17.848663,41.081,3,F
33.19068,86.35843,91.346,17.174221,43.854603,3,F
33.7777,86.75874,91.54669,15.854732,43.672688,3,F
33.08358,79.9733,78.57693,19.567348,43.86263,3,F
32.80398,87.435356,100.37448,20.173986,37.901657,3,E
35.859997,78.30723,77.47577,20.788168,43.23579,3,F
32.24048,91.29882,103.731415,17.769514,40.38575,3,E
33.5541,81.726585,78.47765,17.437462,47.316578,3,F
32.591095,88.14149,99.63349,18.599089,40.541042,3,E
33.66592,89.14775,99.99722,16.596724,41.26444,3,E
31.204683,86.65677,89.89989,15.355839,43.254116,3,F
32.2156,91.25293,107.62386,17.411226,39.744205,3,E
33.099495,80.61215,74.522545,17.629168,44.50349,3,F
31.200455,89.98267,101.19917,17.307774,39.88022,3,E
33.35737,85.608,95.56627,20.799313,39.250587,3,E
32.43481,93.40802,98.31067,10.3148365,46.301315,3,F
32.456467,83.17049,88.64082,20.603842,40.015995,3,E
34.27185,81.79429,83.22191,19.584858,40.99504,3,E
34.302517,85.26144,89.88861,17.827902,42.213066,3,F
33.206852,86.558365,95.06297,18.2619,41.923687,3,E
34.99798,83.648895,94.39204,22.969374,38.0289,3,E
34.075214,81.367325,82.2967,21.518452,41.76891,3,E
33.762447,83.11022,93.24069,23.27416,37.605824,3,E
33.196342,84.55792,80.2857,14.51033,44.18295,3,F
32.058563,88.32028,95.45402,18.426235,40.455555,3,E
32.943058,86.439476,93.65948,17.32216,43.320248,3,E
33.1823,81.22362,85.68097,20.681458,42.192585,3,F
31.234509,82.33209,81.98668,17.240507,42.165432,3,F
34.507904,81.66311,82.78307,19.131483,42.170586,3,F
33.540577,80.35649,71.27217,17.555592,47.45551,3,F
33.56361,86.04868,100.06513,21.628164,39.41791,3,E
31.83339,89.393456,94.06667,14.622208,44.57359,3,F
34.75503,87.93306,90.61206,14.7428055,42.249508,3,F
33.993446,77.88332,74.27341,20.538586,43.4204,3,F
34.26977,87.404366,99.90619,20.160135,39.906857,3,E
33.89451,88.7203,99.63079,16.386906,42.88483,3,F
32.76133,79.94723,81.98869,21.84877,42.129395,3,F
34.097145,87.44775,96.39533,18.194538,41.161747,3,E
34.09066,86.11497,90.44757,16.587446,42.526974,3,F
32.598003,90.625206,101.624535,15.5564575,40.769985,3,E
31.70467,84.54216,85.62617,15.822777,44.494473,3,F
33.508606,84.19405,92.079956,19.542675,37.548893,3,E
34.07802,82.95696,79.01165,15.894591,44.079273,3,F
33.779724,86.002625,97.89608,21.860706,37.681076,3,E
34.51763,85.24261,91.75266,19.156527,38.986748,3,E
32.734222,85.594345,91.909706,17.38744,40.11069,3,E
32.776943,90.98675,105.68021,17.597294,40.87361,3,E
33.198647,84.08728,85.362915,16.55496,42.947937,3,F
32.943367,84.66405,91.50686,18.703869,39.915802,3,E
33.89565,87.151375,93.79097,15.561144,44.033752,3,F
31.888992,91.81066,110.66205,18.906624,37.818745,3,E
33.4821,81.56353,81.11894,19.68411,43.751026,3,F
32.2989,80.91851,74.22903,16.995665,46.667553,3,F
33.341118,89.54217,103.37796,18.36244,40.300674,3,E
34.618526,80.73086,79.99285,19.306107,42.854485,3,F
31.44726,85.9572,83.17389,14.777578,45.26547,3,F
33.515827,92.17854,110.117035,18.24445,38.195576,3,E
33.75809,84.49552,90.16353,18.801325,42.075188,3,F
36.226555,84.81208,95.088554,20.322227,39.947712,3,E
33.55601,83.80916,84.45335,16.663122,44.39723,3,F
34.35377,89.90449,96.10051,15.717047,44.85222,3,F
33.01956,82.706245,87.74256,19.115738,42.260445,3,E
31.87923,87.24451,91.085655,15.7997055,42.99003,3,F
33.785988,81.910416,87.69083,21.14784,40.454517,3,E
33.394745,81.923065,85.65844,20.706657,40.130505,3,E
32.327923,89.774124,98.25783,15.554661,42.389248,3,E
33.510983,85.29091,87.0214,16.399992,43.47847,3,F
34.24524,86.181145,94.208824,15.520849,42.969105,3,F
34.764904,83.475235,91.62619,20.636879,41.64805,3,E
32.196438,84.59552,89.84303,17.272608,41.325054,3,E
34.04325,88.57527,93.61012,14.928099,44.30193,3,F
33.148575,81.31427,80.90054,18.77045,43.254025,3,F
34.57817,78.94723,84.220505,23.146456,39.877922,3,E
33.473118,87.90844,97.692314,16.85844,43.774082,3,F
33.00234,85.96495,91.11494,17.244392,44.680954,3,F
34.23572,82.0671,77.422905,17.514713,45.993782,3,F
30.777273,89.482185,99.23808,14.947954,42.450073,3,E
34.881218,87.54748,92.79188,17.087454,42.561314,3,E
32.931484,82.62962,89.28625,21.323788,41.313343,3,E
31.314653,91.16933,106.17823,18.576765,40.99374,3,E
33.606613,87.47722,102.191124,20.01547,37.937935,3,E
33.084114,83.777695,86.077415,19.137629,42.46189,3,E
31.204205,89.23133,95.9158,15.9358,42.82678,3,E
33.84334,86.47293,91.56019,16.725395,40.59753,3,E
33.99337,85.38809,86.61549,14.80353,42.820236,3,F
33.655495,86.00726,93.08336,17.670425,41.946617,3,F
32.69848,92.517815,99.888405,10.424574,45.01188,3,F
33.625866,81.05023,78.64937,18.29289,43.822548,3,F
32.665855,82.22113,80.3496,17.602915,42.628708,3,F
33.610676,85.19296,87.81628,16.54398,44.896393,3,F
32.113888,79.74385,72.95129,19.50485,45.651085,3,F
34.41504,83.70429,85.94197,17.31511,44.36035,3,F
32.78631,85.50113,93.05397,18.85031,42.841522,3,E
34.373688,82.421234,86.42711,20.06738,41.382896,3,F
33.11157,85.57561,91.79519,17.324253,41.355614,3,E
30.75902,84.6129,75.07079,13.8526535,49.793278,3,F
34.09917,83.83623,88.94293,21.397055,40.759262,3,E
33.20337,89.497185,98.29261,14.396681,41.570305,3,E
32.452965,86.92363,88.84702,14.209967,42.887756,3,F
33.663277,85.0337,90.67527,17.929358,43.55847,3,F
33.549297,84.96043,93.35098,20.824955,40.49916,3,E
33.1856,84.90793,89.23586,16.606426,43.507435,3,F
33.160656,84.67438,89.04437,17.340408,40.21531,3,E
34.371216,80.69829,83.914444,21.68232,40.172672,3,E
34.93829,85.73551,90.07242,17.848923,42.22944,3,F
34.302113,89.24641,97.97014,15.883852,43.582,3,F
31.351656,83.87183,75.658676,13.248291,46.41904,3,F
33.98371,84.13405,87.87353,17.657946,39.792812,3,F
32.889915,85.75982,92.6846,17.318739,43.693993,3,F
33.713585,83.08874,88.17061,18.853762,42.26943,3,F
32.65978,80.005035,72.30541,17.567871,44.96935,3,F
33.52983,83.87054,90.41382,19.212126,41.05808,3,E
34.979042,87.345726,97.48505,18.278002,41.96554,3,F
30.696114,88.86195,86.23199,13.636866,47.177536,3,F
33.856342,84.25356,89.12622,18.58065,43.488052,3,F
34.09601,80.31565,80.62918,20.344353,42.059284,3,F
33.338284,92.54545,94.70762,10.423048,45.3652,3,F
33.64704,82.1646,89.460754,20.962141,40.30421,3,E
32.55979,84.57189,88.92441,17.600506,41.996998,3,F
33.776077,84.81939,83.1712,16.194887,45.178886,3,F
34.074932,87.12192,93.68308,15.353523,44.775295,3,F
33.712917,84.7427,93.85741,21.345236,39.354492,3,E
34.401142,85.28024,88.32742,16.457296,42.725353,3,F
34.626522,86.84428,95.92279,18.697365,40.79142,3,E
33.166092,85.877235,93.1908,17.121256,41.966045,3,F
32.95649,83.75265,83.56717,16.864096,44.996956,3,F
35.285313,81.902695,79.21907,18.580229,44.68371,3,F
34.05955,83.33606,87.39948,17.83834,41.58019,3,F
32.989513,85.37327,83.269714,13.947662,43.61565,3,F
32.8233,83.918274,95.333565,22.175514,39.17286,3,E
33.680466,90.13006,102.523315,17.079828,42.170235,3,E
34.327583,84.13772,92.02978,20.097359,42.984875,3,F
31.753809,84.56156,79.81122,15.755072,46.693363,3,F
31.678295,88.994576,89.62198,13.651083,47.20362,3,F
33.377285,86.28014,93.039024,17.063728,42.027294,3,F
33.03488,79.078735,76.22167,20.119932,41.026314,3,F
32.12003,90.86861,109.712906,20.730005,35.340244,3,E
34.222916,85.17245,99.8533,23.94901,37.47664,3,E
32.774464,87.44866,94.97325,16.960194,42.040417,3,E
33.786026,89.503334,95.039246,12.320986,45.6554,3,F
33.394,86.28754,91.87462,15.781075,42.25375,3,F
34.503975,79.01763,82.11877,22.832344,40.801407,3,E
33.069176,82.30317,85.062485,18.88337,42.403805,3,F
34.199062,83.15739,81.04487,17.399775,44.523846,3,F
31.011467,87.634346,86.23381,12.655159,46.06547,3,F
31.805058,83.808716,83.58446,17.310131,39.607204,3,E
33.013218,80.67642,73.72962,18.166292,45.67225,3,F
33.444706,86.280624,95.08181,20.351097,39.91409,3,E
32.57034,84.07984,84.12722,17.402924,42.81914,3,F
33.051327,84.407745,88.263275,17.98341,41.563923,3,E
33.90844,83.073906,88.97496,20.397188,42.294147,3,F
33.335747,84.70518,84.427666,16.717747,44.36057,3,F
34.536007,80.928856,88.97731,22.15181,40.158875,3,E
31.80774,97.35996,110.39492,10.790419,46.342667,3,F
32.210754,83.94629,93.78104,21.903828,38.60744,3,E
33.74895,83.86877,88.14862,19.292263,41.409885,3,E
33.52049,87.134056,102.97894,22.083416,36.257446,3,E
34.853397,85.32431,95.323746,21.483772,39.190918,3,E
31.330248,92.14741,110.16757,16.533144,40.861996,3,E
32.54892,81.11847,79.907524,19.880236,42.14718,3,F
33.235783,83.703575,77.36062,15.228756,45.6792,3,F
34.16012,84.197845,90.98163,20.528732,40.553825,3,E
33.31133,86.758766,93.721504,16.879086,43.658424,3,F
33.646576,83.113396,83.50253,17.123186,44.589344,3,F
34.92329,87.22183,92.883934,16.419548,44.036777,3,F
34.392902,88.8795,100.12376,16.681887,41.373795,3,E
33.176556,84.621124,91.741264,18.101074,40.223263,3,E
30.84916,84.7641,74.55525,13.895918,47.09145,3,F
33.89096,89.4042,102.26336,16.627329,40.742847,3,E
35.70521,86.04628,93.59074,18.603693,40.536777,3,E
33.188927,83.323524,87.24522,17.925804,43.62281,3,F
33.076645,89.7876,103.27383,16.551044,42.84965,3,E
33.37648,83.50307,77.88972,15.54306,44.387115,3,F
32.41362,85.51234,84.941925,15.592487,43.851097,3,F
33.935127,80.59145,77.93026,19.013615,41.805794,3,F
33.589092,81.27625,84.31138,20.313889,42.79703,3,F
32.91381,87.84839,95.18866,15.384001,43.132153,3,F
34.198532,83.34732,89.043594,21.05446,40.656082,3,E
34.140827,87.2825,95.645386,17.56973,40.648373,3,E
34.9629,81.07223,85.60843,19.742496,40.28732,3,E
33.92079,83.25072,88.31661,18.541498,42.82661,3,F
33.041313,86.40599,92.74827,16.145441,42.562305,3,F
32.867283,80.03979,80.34047,20.357492,42.578957,3,F
35.73403,87.738045,95.639244,17.163225,42.774624,3,F
34.54367,83.69183,89.71645,18.150705,41.88724,3,F
33.9364,84.55418,87.82234,17.813965,43.191433,3,F
32.983864,82.98268,90.59127,21.005817,41.243855,3,E
33.557137,93.20926,111.95531,18.167885,38.91024,3,E
33.954884,83.77799,87.7673,17.511587,42.251488,3,F
33.559624,86.91371,93.95366,17.60827,40.16301,3,E
31.3911,86.68958,93.37767,17.28575,42.13391,3,F
31.277552,87.24453,88.90511,14.1845,45.13797,3,F
33.660984,85.75244,91.84259,16.708666,41.66841,3,E
34.557747,85.88646,91.40433,17.43405,40.788486,3,E
32.439323,88.246635,93.27832,14.570368,42.78592,3,E
32.683002,87.33703,98.07585,18.882942,39.38512,3,E
32.78608,86.700745,96.841774,19.403955,40.534657,3,E
32.54923,86.2878,94.80458,19.463268,37.179726,3,E
33.237923,83.220276,84.41857,18.164238,41.62883,3,E
33.483295,88.4805,98.514,16.79243,41.85701,3,E
33.085136,89.10387,101.57825,18.710016,37.467686,3,E
35.23655,90.06553,97.5796,12.661949,41.726315,3,F
35.06797,82.16341,86.43385,20.558376,41.509113,3,F
31.535484,90.10396,104.72849,16.491669,41.26439,3,E
31.825384,85.94385,90.62058,17.90789,43.037567,3,F
31.872068,81.598434,85.436356,20.904408,40.960068,3,E
33.147682,83.27166,86.446815,18.890396,39.24079,3,E
33.049454,83.64547,94.354904,23.573137,36.267113,3,E
31.702137,85.93247,97.41804,21.159006,38.455845,3,E
31.076794,84.57165,80.76501,15.620827,47.735676,3,F
33.213577,83.906715,94.2497,22.519026,38.973244,3,E
34.72094,90.37625,102.82787,14.711802,41.80408,3,E
31.585678,93.442604,107.45619,14.301626,41.70737,3,E
31.730825,88.489265,84.56898,11.463757,47.458572,3,F
33.65626,86.040016,89.03248,15.633854,43.83406,3,F
34.087658,83.34156,88.662865,18.66445,42.721077,3,F
33.509594,82.619865,77.94167,17.097368,44.18788,3,F
33.461277,83.54742,90.029755,17.87701,42.198036,3,F
32.279385,93.319435,106.24647,14.117159,41.95787,3,E
33.08929,80.20863,80.73293,19.168682,41.486576,3,F
32.139935,85.981384,86.97814,16.79938,41.689568,3,E
33.889153,89.99106,103.05739,17.73289,41.21655,3,E
33.420013,83.39403,85.79282,19.322186,42.5658,3,F
34.59745,83.1849,87.22573,18.446562,45.05535,3,F
33.47001,82.18052,87.16771,20.340117,41.701794,3,F
32.274155,88.17093,89.20077,14.311497,45.449924,3,F
33.195175,88.75613,94.77836,14.45549,43.35174,3,F
34.286976,83.93428,87.59112,17.55714,43.47186,3,F
32.23657,82.24084,78.86203,15.953612,43.362278,3,F
32.628685,84.647316,76.30054,14.3388195,48.70563,3,F
32.220615,89.912155,101.94697,16.148378,41.66347,3,E
33.82102,88.20172,93.93546,16.329376,42.8309,3,F
34.685837,87.047844,98.114174,20.339062,40.689724,3,E
33.09391,81.8318,88.032524,20.408932,39.987736,3,E
34.457253,83.47641,92.13772,21.119095,38.04199,3,E
32.848484,86.766945,93.570114,19.146873,42.111824,3,E
34.176556,86.18236,93.953476,18.400625,40.9961,3,E
31.726961,82.65089,83.8253,18.150436,42.904102,3,F
32.49162,87.202286,102.5269,21.882965,36.992863,3,E
31.141829,87.288956,94.29381,18.124344,40.79735,3,E
34.51041,81.317955,83.715744,20.986706,41.14584,3,F
33.17511,98.31136,111.982635,10.773743,43.53699,3,F
32.163994,90.74828,109.3275,19.844797,36.49855,3,E
32.125927,84.28601,84.02733,15.020502,43.88614,3,F
34.437828,83.736046,99.33696,25.042124,37.13729,3,E
32.989838,84.92037,89.568016,18.559694,41.591263,3,E
32.026337,88.1429,93.569664,15.748152,44.005318,3,E
34.450962,83.352234,91.80361,20.169233,42.266094,3,F
32.918358,92.15468,97.81023,12.610222,43.42367,3,F
32.65184,80.17202,74.62562,18.10118,43.940643,3,F
32.603485,85.80161,94.52975,20.465641,40.145454,3,E
33.033882,85.35434,83.79433,14.572336,45.25818,3,F
33.09782,84.76085,89.485466,17.214645,43.226673,3,F
33.53813,90.48695,104.82218,16.190517,43.30087,3,F
35.043457,86.22895,99.004974,21.071484,38.400253,3,E
35.471504,82.944244,90.9635,21.898907,39.361294,3,E
34.5299,84.84948,86.956985,18.542736,41.959415,3,F
33.00425,83.63152,88.92678,20.834816,40.65719,3,E
32.693268,87.07253,92.39599,16.818243,44.204,3,F
34.750942,81.208466,86.24136,21.119104,41.075596,3,E
32.691917,81.593185,76.42686,17.65161,45.296585,3,F
32.820084,97.071976,114.15808,12.429983,45.776134,3,F
33.303345,83.694466,87.34118,17.417582,43.89252,3,F
32.89413,84.18996,87.26222,16.719505,45.19176,3,F
31.961369,83.83944,82.34934,17.134369,41.044807,3,F
33.337234,85.353096,81.93211,14.650591,46.83986,3,F
32.632664,91.28726,101.65062,16.685293,39.82694,3,E
34.53842,88.35981,102.72974,17.96215,40.50771,3,E
31.796762,85.13652,92.26687,19.366636,40.093315,3,E
33.94701,91.53449,107.42747,16.874432,41.67478,3,E
32.40865,83.06993,81.43724,17.020311,43.930325,3,F
33.636173,82.381096,84.58368,18.436506,43.26023,3,F
33.51227,84.376114,89.016426,17.659061,43.497196,3,F
32.310833,80.66784,82.84684,19.416662,43.899834,3,F
32.402016,89.63368,102.77204,18.593414,38.546368,3,E
33.01557,86.37708,89.339386,14.8743,44.112804,3,F
35.382423,83.76863,90.073586,19.787973,40.7061,3,E
33.505817,85.67186,90.50697,16.277733,42.72349,3,F
33.26435,85.35925,86.621086,15.318859,46.72113,3,F
33.993214,82.6237,83.297745,18.461061,42.941154,3,F
33.226105,83.36833,91.51371,19.90705,39.537247,3,E
32.833782,84.54799,89.76489,17.03468,42.51698,3,F
32.833202,91.264015,105.745605,17.543417,39.897697,3,E
35.72198,81.437416,86.293076,20.322771,40.617836,3,F
33.929516,83.72167,79.594215,16.436035,45.307125,3,F
29.532263,86.65808,75.578896,10.4623375,47.03836,3,F
33.149204,82.97769,86.92219,20.323606,42.267082,3,E
33.783188,88.55057,92.53892,16.333122,42.762764,3,F
33.861282,83.10038,87.69281,18.538338,42.68806,3,F
33.814064,83.6994,92.56644,21.465845,38.06831,3,E
33.209583,87.77435,98.92977,17.841396,40.742447,3,E
32.690113,86.88378,88.95214,13.976852,44.668507,3,F
34.328243,82.52659,87.97607,20.504463,41.495842,3,F
34.033337,89.95909,97.068115,13.2838,43.071716,3,F
33.59855,84.040665,87.93471,17.360851,41.542458,3,E
33.163868,87.259796,91.421684,14.118052,42.885937,3,F
34.194786,84.359085,94.70429,20.658472,40.012333,3,E
31.734407,87.962296,96.57109,17.701326,39.680733,3,E
33.521442,79.318535,79.528114,20.4593,42.835793,3,F
32.29437,84.099106,88.40298,18.106949,42.453125,3,E
34.761406,80.6436,85.499466,21.284422,42.334812,3,F
33.590214,85.15011,91.413536,18.9558,40.336082,3,E
32.335377,89.0553,88.49001,11.86277,46.974125,3,F
34.30449,85.68432,99.268684,22.107332,38.335384,3,E
34.829556,85.07074,90.70785,17.473837,41.84902,3,F
31.515516,84.120384,82.215485,16.342855,44.397938,3,F
33.859818,84.84518,91.27382,18.227657,42.81679,3,F
35.01609,84.49902,88.67247,19.206734,40.708454,3,E
33.465836,82.6209,80.23544,18.373854,43.18313,3,F
34.005104,85.701385,94.28728,18.502893,41.028122,3,E
34.97303,81.81442,86.87642,20.142485,40.760433,3,F
34.39647,87.384,98.12373,17.968594,41.250298,3,E
31.763638,87.76772,98.35608,18.051067,40.252857,3,E
34.312836,85.169754,88.22447,17.518162,43.855965,3,F
34.580494,90.845215,98.55992,12.386713,44.89011,3,F
33.38971,86.170906,87.5333,14.79591,45.7699,3,F
35.409977,84.81642,94.68068,17.954842,42.401863,3,F
33.333652,87.95723,96.6264,17.850948,40.55846,3,E
33.604656,82.06393,90.06751,22.414598,39.823875,3,E
34.426952,80.36827,82.14214,21.398182,41.135914,3,E
33.30323,88.813774,93.88687,15.862195,42.271328,3,E
34.73438,85.929436,94.7309,19.403292,41.69615,3,E
32.257923,86.468025,94.731476,17.063412,41.469585,3,E
33.814945,82.14434,83.18435,18.958292,43.352703,3,F
34.82593,91.09925,111.54911,18.948565,38.058697,3,E
33.5915,90.158295,98.081024,15.549694,41.30538,3,E
33.043896,82.98718,91.73097,22.562885,39.22883,3,E
33.15648,82.95533,90.58807,20.657066,39.888725,3,E
32.539135,84.19228,89.27351,18.095308,42.796837,3,F
33.68116,82.740326,93.53415,21.864422,39.76526,3,E
34.03217,86.1006,99.69875,19.709507,39.586372,3,E
33.372776,91.5031,109.987175,19.452648,36.768917,3,E
34.39309,82.096664,85.401634,18.935665,43.54267,3,F
33.183884,82.695656,82.34448,18.177647,44.080303,3,F
29.729317,94.94725,105.19,10.37812,44.998375,3,F
34.29553,79.97811,83.58559,23.676298,39.88108,3,E
33.135452,86.29727,88.566666,14.875681,44.280834,3,F
33.44701,88.085754,94.97821,18.416342,40.312984,3,E
35.018456,78.26261,79.9256,22.9234,40.54729,3,F
33.726925,83.28213,80.7984,17.359964,45.96715,3,F
33.1752,83.325096,90.07244,19.558344,41.345043,3,F
31.705801,86.44419,86.70359,15.677324,46.282314,3,F
31.6649,87.17871,88.99875,14.541883,44.654766,3,F
33.07132,81.77503,81.74717,17.674126,45.891407,3,F
33.224724,89.04095,102.22803,19.321527,36.78503,3,E
33.844505,79.81279,84.17025,21.345043,38.792152,3,E
31.4618,87.25749,89.85796,14.865454,42.838516,3,F
30.781704,86.31845,81.75976,12.172001,48.73257,3,F
37.487694,81.50572,89.923225,24.673357,37.965652,3,E
32.578968,84.034355,86.23197,17.026108,41.32484,3,E
34.400528,90.465675,101.84255,16.739603,42.723526,3,E
32.62172,85.87886,93.10379,19.462402,40.39477,3,E
33.697243,85.00072,93.549385,18.408459,41.677814,3,E
35.117092,83.13114,83.66112,17.232702,43.794827,3,F
32.278316,86.77228,88.26149,14.28368,44.843254,3,F
34.031624,88.71905,95.99629,16.23988,41.95867,3,F
32.914948,86.662155,88.20622,15.300783,45.618305,3,F
33.633503,82.99618,93.006004,23.11554,39.122173,3,E
33.46169,82.71955,81.00418,17.362995,42.647327,3,F
32.301105,88.51431,93.37183,14.671936,42.483646,3,F
32.992558,82.934044,90.95444,21.545212,40.660084,3,E
33.288364,85.23878,92.44357,17.301733,42.16877,3,E
33.526646,88.83342,98.30029,18.033419,41.2276,3,E
32.62368,88.10355,102.9225,20.850075,37.964207,3,E
32.55577,83.757256,82.018,16.852764,43.916676,3,F
32.417793,84.741295,87.50526,17.454113,43.57591,3,F
32.258358,84.93622,90.86687,19.185844,39.219482,3,E
32.763405,80.31529,78.67145,18.616312,41.977703,3,F
31.94878,84.988365,87.29958,17.344412,43.007774,3,F
32.883232,88.589966,95.508064,14.6783905,42.872833,3,E
32.685246,85.95128,90.00174,17.163517,42.211597,3,E
32.360153,89.44526,99.16132,15.673702,42.75351,3,E
34.27889,87.5242,99.59548,18.727678,39.18538,3,E
33.45933,78.0645,67.765564,18.567215,45.555573,3,F
30.373522,86.760826,93.43897,16.43743,39.929783,3,E
32.760708,87.25007,87.56071,15.013689,44.51504,3,F
33.779854,81.6911,92.007126,23.849226,37.11617,3,E
33.13147,85.55233,84.15651,15.307251,44.30006,3,F
34.01054,83.73963,91.18584,20.54313,40.260674,3,E
33.312008,85.845924,96.4125,19.871248,39.743515,3,E
31.644032,82.53535,77.23372,17.397665,45.756035,3,F
33.720287,84.12447,89.657295,20.49464,40.047054,3,E
32.592133,83.484604,82.11702,16.04729,43.93445,3,F
33.650326,85.11805,92.71311,19.760592,40.45719,3,E
32.05203,88.811554,94.831635,15.268345,42.666378,3,F
32.059643,84.71959,82.04001,16.076557,45.454212,3,F
33.100235,87.04795,94.69312,17.62735,41.515553,3,E
34.204563,82.30643,84.22754,19.232239,41.796875,3,F
33.24706,86.38826,89.85155,14.869844,43.337418,3,F
34.434444,96.022316,110.46368,11.866266,43.44679,3,E
34.11531,81.49587,86.113625,21.167252,41.269516,3,E
35.172657,87.3032,96.27596,16.65275,41.73082,3,E
32.558266,82.09605,81.55352,17.671959,43.30574,3,F
34.227097,86.96165,91.29056,15.144524,44.367733,3,F
34.210396,82.91361,89.40276,21.089361,41.364548,3,F
32.14361,89.13712,98.53854,15.456333,41.680084,3,E
34.815308,87.99087,96.5955,15.687677,43.93843,3,F
32.932167,89.01676,102.80243,19.271748,38.52705,3,E
31.942316,85.65088,93.35602,17.306942,42.375843,3,F
33.841885,89.0293,99.65574,16.399063,40.26898,3,E
34.590862,85.69583,92.80898,17.692389,42.944508,3,F
33.293407,84.758865,88.93241,19.008154,41.025074,3,E
33.1048,81.98956,78.80383,17.341501,45.264442,3,F
32.302395,88.764984,95.9433,17.91646,41.593006,3,E
32.40189,83.045074,83.732086,19.887793,42.69622,3,F
31.436533,86.41866,85.59867,14.719564,43.574856,3,F
33.74376,89.66995,94.095184,13.3143215,43.94869,3,F
34.23707,86.56064,87.8856,16.094595,45.89654,3,F
34.29034,82.58709,82.48467,16.608164,46.425117,3,F
34.45814,85.29384,86.13724,15.426422,44.461918,3,F
33.031322,84.730034,92.48673,19.480715,41.34401,3,E
32.983013,83.95767,89.37097,17.761087,40.556385,3,E
31.618507,89.92351,102.88118,17.82571,38.30107,3,E
33.127407,88.7517,99.038704,18.443016,41.283607,3,E
32.393562,82.7076,83.363174,17.262154,44.22113,3,F
33.911064,83.95898,86.12812,17.19949,44.746758,3,F
35.516953,83.67532,89.84871,19.9983,40.798664,3,F
33.068775,81.835365,82.895775,18.620995,44.354843,3,F
34.24479,81.38554,82.016174,20.369059,40.756145,3,F
32.625618,80.57376,77.91007,17.960718,42.34984,3,F
33.722298,78.60372,68.51523,17.366852,46.764683,3,F
31.539728,84.76401,80.54437,15.521927,45.371338,3,F
32.924633,88.42407,92.96938,14.617365,40.208786,3,F
32.479027,85.7627,88.60913,18.621784,41.084408,3,E
34.509686,85.764175,95.85977,20.134953,40.722816,3,E
33.485065,87.97816,93.00344,16.044113,44.25577,3,F
33.418697,83.13507,88.825615,20.000769,39.614044,3,E
32.000126,88.07101,88.322914,12.291527,46.34372,3,F
34.790337,84.54417,97.32277,20.32065,40.98728,3,E
33.709072,86.01542,83.53781,15.370279,43.939953,3,F
33.610252,84.49407,93.032196,21.970654,39.529255,3,E
31.865898,85.197365,91.64818,18.34554,42.515232,3,E
33.682873,87.82215,97.42033,17.246466,39.780537,3,F
32.036472,88.54039,94.89482,15.654276,44.676544,3,F
31.222431,90.16653,96.81494,15.000746,44.763355,3,E
33.760098,86.465126,92.18456,16.30178,42.431076,3,F
33.561943,82.68977,81.98549,17.448286,44.981136,3,F
33.390266,86.85064,95.06561,17.998514,41.71487,3,E
32.391247,84.31893,80.53187,15.397633,46.85445,3,F
31.42098,86.94543,95.4775,16.712748,41.138992,3,E
33.86377,86.13893,92.5496,16.600813,43.25277,3,F
34.232376,84.57258,90.252975,17.979712,42.71523,3,F
33.121662,84.30533,91.69806,19.360023,39.097595,3,E
33.403778,81.3359,83.513016,19.091974,42.562244,3,F
33.474182,82.82535,86.91315,19.26486,42.141907,3,F
34.59481,91.25229,102.18685,16.064114,42.015972,3,E
34.871525,89.02499,98.147125,17.336147,42.413822,3,E
33.563732,88.04509,94.249466,15.721941,42.282173,3,F
34.360477,85.330696,89.667534,17.263628,42.379967,3,F
33.768192,85.63897,90.744804,18.296892,41.846684,3,E
34.38224,78.26728,71.80915,20.6386,45.253124,3,F
33.343666,82.00166,88.86829,20.57262,41.548653,3,F
34.80609,79.680244,81.13637,20.405943,43.789,3,F
33.317913,89.23582,100.769394,16.404236,42.342754,3,E
32.582,84.517044,84.16045,16.201202,44.24549,3,F
35.067444,81.41437,90.907776,22.020147,39.19201,3,E
32.397232,87.08244,87.65122,12.078657,47.000904,3,F
31.594961,84.932625,84.21216,16.404459,44.095947,3,F
33.899506,86.8356,102.19812,21.836765,38.457546,3,E
31.648514,84.375694,93.90271,20.443693,40.29242,3,E
35.055412,78.29512,78.50752,21.719814,43.80539,3,F
33.921635,79.11152,76.69982,20.139534,42.42229,3,F
34.20587,86.2079,98.92192,19.70942,40.229015,3,E
33.225517,87.194,98.102394,21.95661,38.417988,3,E
32.66179,85.89553,96.75688,20.298431,40.00178,3,E
33.687317,87.27764,93.407745,15.075689,43.05675,3,F
33.124268,85.16839,87.454735,17.599112,43.76012,3,F
33.69461,82.53161,77.264275,16.437538,47.003494,3,F
33.6789,80.91188,85.14457,21.194546,41.000996,3,E
34.077015,85.71532,95.10836,18.330063,41.45525,3,E
31.916523,86.48584,95.21988,18.525263,42.350914,3,F
32.334995,87.79659,95.060684,16.768642,45.499916,3,F
34.416637,82.74224,85.99014,19.533306,42.829163,3,F
32.370804,89.60883,94.81026,15.366447,42.872345,3,E
32.334732,89.25734,87.797554,11.966412,47.09049,3,F
33.00458,87.74542,91.31094,14.6657295,44.18392,3,F
33.781994,83.50049,92.56706,21.137735,40.83267,3,E
33.399433,83.2353,86.94453,19.95005,41.063538,3,E
29.927876,88.16678,92.39787,14.323498,44.739407,3,F
32.881058,86.111824,94.8623,20.219625,40.93272,3,E
32.19661,87.22298,101.14034,20.294174,38.092228,3,E
33.67608,79.79591,83.62279,20.04712,40.534763,3,F
34.222607,83.41297,86.81432,19.404594,43.495438,3,F
34.16319,85.530785,90.98201,17.869265,41.629898,3,F
33.845745,85.243454,96.10502,20.657455,37.862995,3,E
33.65185,80.502785,82.72407,20.073767,42.066772,3,F
32.93646,78.12356,76.03517,20.347149,43.68531,3,F
32.924015,81.55985,81.57547,20.04325,41.925777,3,E
32.648518,81.95048,79.88372,17.646828,45.55187,3,F
30.712624,90.25735,93.85874,13.108757,46.585686,3,F
34.3074,86.17972,91.24364,18.154327,42.167294,3,E
33.879627,86.11094,94.240616,18.001802,42.003902,3,E
32.362545,87.12294,97.72029,19.868332,39.356453,3,E
33.43675,87.87856,101.70519,19.989765,38.40238,3,E
32.032494,82.677505,81.89559,17.5781,43.22244,3,F
31.975288,86.64378,95.29088,17.21376,39.307255,3,E
34.63663,82.84628,93.43202,22.735315,38.93097,3,E
34.831482,88.2964,99.251595,17.189604,41.157707,3,E
31.944283,90.06864,105.79401,20.619982,37.21665,3,E
32.215237,84.44364,85.67873,16.968307,44.37253,3,F
33.32625,81.56157,80.81396,18.924625,41.88395,3,F
32.27254,83.20656,88.867165,19.459696,41.410866,3,E
35.21222,95.48096,109.32362,11.605976,44.100704,3,F
34.0543,87.20123,92.450325,16.444733,41.834732,3,F
33.63099,86.24721,100.022675,21.150314,39.03492,3,E
33.55598,85.80787,88.66297,16.175816,42.084682,3,F
33.828667,81.85713,79.788536,18.471386,44.23393,3,F
32.545998,82.86734,81.68292,16.808311,43.639103,3,F
33.636765,81.2935,80.88159,19.15213,42.182438,3,F
34.062607,85.68895,98.22693,19.46617,40.291973,3,E
32.670425,85.91937,91.15537,18.21249,44.09902,3,F
34.992218,80.8635,83.215126,18.791012,43.67042,3,F
33.907784,82.11542,89.14447,22.019583,39.696278,3,E
33.92648,84.06866,86.47994,17.786491,43.495304,3,F
35.054356,84.533226,94.21867,19.392828,41.217724,3,E
33.613846,85.81293,97.24266,20.709234,40.153236,3,E
33.31995,79.26606,77.268845,20.2654,43.146175,3,F
33.61955,87.79802,98.7426,17.083044,40.405964,3,E
34.01893,79.63021,78.2372,19.362522,43.920776,3,F
32.309883,85.48112,93.46959,17.799265,41.26335,3,E
33.3942,85.62145,94.516716,18.00183,40.125565,3,E
32.3603,89.042244,93.76377,14.979067,44.53933,3,F
34.192863,87.20306,96.16991,18.116352,41.45352,3,E
31.954836,84.951065,86.024475,16.629007,44.513695,3,F
34.400032,82.68298,89.67845,20.811228,41.058723,3,F
32.002254,84.21607,90.17737,19.787792,40.366962,3,E
34.202343,83.064445,87.792595,20.029352,41.397507,3,F
33.30801,87.69788,97.870605,17.944937,41.59647,3,E
32.870163,88.415245,86.067314,12.525522,45.86542,3,F
33.460052,83.01591,86.15358,19.471256,42.178917,3,F
33.988003,84.13174,87.51237,18.98023,41.085957,3,F
33.39994,86.5968,95.3192,16.747324,42.266834,3,E
34.1137,84.17937,89.42668,19.054691,40.58331,3,E
35.679123,82.97407,87.25176,19.485226,42.20406,3,F
31.669487,81.21712,83.24065,18.738726,42.983147,3,F
33.869823,85.58782,85.54637,15.612471,45.82305,3,F
32.91504,92.75951,105.02291,15.526869,44.005222,3,F
32.979855,84.2319,90.89025,19.869377,40.67941,3,E
31.673706,84.26744,86.784645,16.886442,44.422398,3,F
32.359104,83.07244,81.144295,16.51686,45.631214,3,F
32.562115,84.760376,88.8493,17.55418,42.233627,3,F
32.333607,86.56703,86.33589,14.653423,44.108444,3,F
32.94776,93.02956,114.12693,19.621233,38.12399,3,E
32.374954,85.92096,92.216194,18.079378,41.325382,3,E
33.78,83.90462,90.74625,21.441462,39.83714,3,E
32.009304,86.58289,90.20334,14.351112,43.247368,3,F
33.524036,82.94555,92.272934,21.99961,40.519344,3,E
34.343502,84.73791,86.065216,17.610212,43.32652,3,F
33.16398,80.72522,81.10387,18.886446,43.27193,3,F
34.855747,83.927246,93.37698,20.482136,39.57718,3,E
32.419064,85.28282,92.662865,18.482546,42.008186,3,E
35.301014,84.77201,88.899704,17.174875,43.947533,3,F
32.591114,85.786606,91.7887,19.439888,40.08576,3,E
34.10993,89.01131,105.09267,20.16883,39.52409,3,E
34.97088,86.7072,103.30821,22.121202,36.14541,3,E
33.855736,82.68748,82.647415,17.980806,44.69068,3,F
34.11847,84.20415,92.22667,20.42497,40.921207,3,E
32.99453,86.672516,97.216805,21.765139,37.737076,3,E
34.761433,86.25615,90.76462,15.84593,44.832314,3,F
32.010723,85.11153,92.677086,19.157562,41.610428,3,E
33.658787,79.86363,83.61743,21.255928,40.54192,3,E
34.345837,83.72695,84.69714,18.343199,43.446243,3,F
33.56241,84.58178,94.769905,21.526905,41.14251,3,E
33.88544,81.90582,83.79601,19.913113,43.108643,3,F
36.063522,90.39715,101.89814,15.325417,44.062756,3,F
33.58803,80.569016,77.10112,18.478535,44.60564,3,F
34.642868,82.50932,85.900696,19.319107,41.813656,3,F
34.28581,82.184,76.97774,17.043211,45.947273,3,F
34.659775,87.35573,99.59402,19.176723,39.45977,3,E
33.79023,82.22418,80.77451,17.252674,44.809982,3,F
32.586563,85.564995,84.62136,15.650436,45.15791,3,F
34.118107,80.939735,86.20164,22.149794,39.362957,3,E
34.16819,81.21834,81.90787,19.862164,43.26176,3,F
34.429176,81.05228,86.1065,22.285023,41.310627,3,E
32.76325,83.432884,92.95513,21.433777,37.56277,3,E
32.525005,82.65672,84.11886,18.185928,43.596275,3,F
31.486425,93.5444,102.34508,12.228458,46.37016,3,F
33.154957,89.8247,103.32114,19.186867,38.000626,3,E
32.876137,82.64987,80.201614,17.553295,45.88979,3,F
33.870537,80.885475,79.17045,18.732239,44.32386,3,F
32.98185,86.847694,91.22989,14.934982,42.27857,3,F
34.32362,87.066536,95.62984,17.405876,44.4708,3,F
34.189137,80.45689,74.28127,18.468182,45.168865,3,F
33.27716,87.7283,97.94224,16.771421,44.210537,3,F
34.072178,83.466034,87.83029,19.736967,41.26903,3,E
32.40604,86.209564,87.04212,14.809547,45.395065,3,F
35.18817,83.983795,93.35929,20.806355,41.612423,3,F
34.156357,85.43923,95.66517,21.48932,37.339333,3,E
32.05907,87.63407,92.78647,15.597971,42.849194,3,F
34.43419,88.95269,88.4751,13.129223,47.396145,3,F
32.534218,87.63906,88.8136,12.950027,44.257805,3,F
34.71606,83.15282,90.12894,21.134535,39.2155,3,E
33.714977,89.08284,102.22166,16.223722,40.98966,3,E
31.650887,88.472885,96.599075,17.849415,41.352825,3,E
33.834236,85.75425,89.72505,16.563896,43.48546,3,F
32.748013,85.97282,90.97607,17.284052,42.053425,3,E
32.99317,83.5687,83.12333,16.507187,44.271214,3,F
32.605034,85.70813,87.46801,15.492094,43.548203,3,F
33.074444,86.63883,105.799515,24.111288,34.82648,3,E
34.070847,83.77532,89.01245,17.795452,42.355328,3,F
33.395626,83.7481,92.2177,21.93581,40.157375,3,E
32.53865,84.255516,88.271835,17.407854,43.423046,3,F
32.94952,88.082054,94.0598,15.005638,43.649727,3,F
32.79414,83.04686,81.5843,16.685257,45.82997,3,F
32.978474,90.13445,95.05286,14.071878,47.52924,3,F
31.293896,89.058495,97.48285,16.068157,40.85485,3,E
32.52431,81.69274,73.40651,16.53393,44.28166,3,F
33.582756,83.543724,88.64726,19.752483,40.444756,3,F
33.056534,83.61117,94.33547,22.495941,38.16168,3,E
33.570515,83.864525,88.44432,17.892622,42.56906,3,F
32.334118,86.381424,94.82443,18.951555,40.234444,3,E
34.18075,86.57867,96.442245,20.336044,41.914795,3,E
33.936646,83.83884,90.24528,18.379473,42.388134,3,F
33.49402,83.14689,90.91595,20.605207,38.62439,3,E
34.4097,81.66971,75.582954,17.204382,47.253304,3,F
34.366283,80.92652,82.891785,20.008772,41.33491,3,F
34.882874,80.06077,82.6872,22.486988,42.83758,3,F
29.978476,91.123245,103.53341,17.05224,40.74153,3,E
34.1876,83.86418,90.16545,19.81503,41.544147,3,E
34.194656,83.74346,85.76343,17.092533,44.20454,3,F
33.288082,86.88207,98.749435,20.32765,38.88768,3,E
33.861313,78.85388,76.47561,21.375156,42.82696,3,F
35.185272,83.7921,89.27056,19.087431,42.536125,3,F
35.09567,89.28864,98.82976,15.06234,44.591988,3,F
32.164062,85.039536,91.482285,18.784508,38.868275,3,E
33.551964,85.943245,87.53195,15.662678,43.663166,3,F
32.178207,89.97002,98.54415,14.584053,41.565315,3,F
33.887928,81.8946,86.96863,21.047705,38.929813,3,E
33.737713,85.800354,92.3244,17.620203,44.300186,3,F
33.356205,87.401306,98.61254,19.4496,39.16865,3,E
33.952423,83.47597,87.67866,18.934486,42.192314,3,F
33.375187,82.481346,89.960045,19.720333,41.201023,3,E
33.443615,83.07453,86.33644,18.635332,41.292618,3,E
32.899605,85.568,80.76755,14.820398,48.398872,3,F
33.45083,86.96179,94.367386,16.3618,42.53508,3,F
31.944841,87.71435,94.19004,15.801008,44.855247,3,F
33.54598,84.5801,95.83243,22.698397,38.923088,3,E
32.836697,91.84903,101.116516,14.526072,41.498318,3,E
34.479794,84.52057,88.539154,17.921139,42.540108,3,F
34.75766,80.609924,77.460754,19.308386,44.99036,3,F
32.65693,86.06834,90.39842,16.85538,42.486618,3,F
34.012997,82.369675,87.47216,20.273638,41.717564,3,F
33.45204,90.46325,104.52388,17.547039,41.97981,3,E
30.876045,88.92252,94.04097,14.5983925,44.642593,3,F
33.3844,81.658134,81.68354,18.302681,45.55338,3,F
33.973804,86.605896,94.18876,17.912203,40.055065,3,E
31.796963,82.69888,81.4782,16.833685,43.852215,3,F
32.671993,88.597916,106.8478,21.28827,37.08407,3,E
34.935143,81.53185,84.693535,20.322199,42.786427,3,F
33.98383,84.832375,86.827156,17.541252,44.58761,3,F
32.882523,82.93271,84.88352,17.089231,44.25669,3,F
34.12001,81.35781,82.618774,19.338186,43.427773,3,F
34.509323,86.85673,97.284256,18.625175,40.223095,3,E
35.086975,85.76923,96.61913,19.81905,40.75898,3,E
32.70667,83.18857,88.095825,19.26192,41.189255,3,E
34.23177,85.288284,92.637115,18.36219,42.11533,3,F
34.076023,84.61415,86.38306,16.594433,45.13751,3,F
33.48214,84.71453,89.01579,18.873,39.629375,3,E
33.109047,79.48335,78.17898,19.583479,43.425594,3,F
34.450535,82.29135,79.051765,17.065254,44.625324,3,F
34.8565,82.543785,88.90309,21.756424,41.06437,3,E
33.97495,78.89792,81.6956,22.66737,39.990044,3,E
33.77735,86.89594,97.412506,17.345932,43.33189,3,F
33.485687,82.50668,82.44788,18.430174,43.681404,3,F
32.780724,85.468925,88.830086,15.328035,45.346985,3,F
33.438225,83.10214,86.834435,18.887032,42.117374,3,F
33.447147,81.89828,75.404434,17.046824,45.523277,3,F
30.779934,86.48031,81.1885,12.011063,46.637077,3,F
32.078068,89.89231,101.237724,17.479126,40.624138,3,E
35.374454,79.38452,79.49447,20.745384,41.809437,3,F
31.829435,80.623184,71.92249,15.508274,48.430687,3,F
33.054844,87.7308,97.30156,18.10835,40.2253,3,E
34.24109,80.71471,79.98176,19.638039,43.854904,3,F
33.447903,83.36359,89.72296,20.04142,41.39327,3,E
32.935627,85.01314,94.39843,20.349361,40.198494,3,E
32.72538,81.68489,85.78927,21.98948,40.23353,3,E
34.479744,78.3224,77.97108,21.061832,43.883617,3,F
33.48994,84.992455,93.87034,19.915514,40.963387,3,E
33.85546,80.86284,76.911316,19.179186,45.621605,3,F
32.8628,89.65095,106.51311,18.807594,38.544415,3,E
33.031666,85.7558,95.46531,20.703121,37.27439,3,E
34.5084,80.05281,82.54847,20.903416,41.747704,3,F
32.90329,86.54089,101.88892,22.52482,35.884308,3,E
32.687817,86.68099,91.42413,14.586624,44.44157,3,F
34.788227,85.95605,94.50268,19.127884,40.645164,3,E
30.887764,86.93699,95.09329,16.774057,41.236946,3,E
32.26563,88.58532,100.74809,19.97539,37.835575,3,E
32.194035,86.34429,96.02004,19.208504,39.26475,3,E
33.673843,86.47191,89.128746,13.822599,46.22056,3,F
34.71846,81.849464,90.685394,22.48162,40.178783,3,E
33.76255,84.31622,92.20825,19.383268,41.35213,3,E
33.337574,86.15234,89.30434,14.005024,42.7145,3,F
32.49739,84.58668,86.18703,17.030958,42.236866,3,F
33.37552,84.5838,88.15881,17.01769,41.771053,3,F
34.172134,93.23926,103.813705,14.096941,39.892372,3,E
32.247097,89.83263,110.788445,22.730034,37.018654,3,E
32.139927,83.48487,85.345,18.437397,40.628857,3,E
33.560852,82.813934,91.75541,22.180677,39.31625,3,E
33.132225,85.87152,90.50993,17.143549,41.975025,3,F
32.8851,91.48896,96.356804,12.563675,47.04454,3,F
33.131184,86.17987,90.549164,16.74319,43.930412,3,F
34.495922,82.05766,89.12665,20.975943,38.236866,3,E
32.354687,87.2546,89.92508,14.116476,43.878635,3,F
35.24944,78.61635,77.51409,21.068933,43.846104,3,F
33.556274,80.48772,79.56863,19.643045,43.572018,3,F
34.05825,86.97171,97.74063,19.275412,40.50531,3,E
32.986618,85.19794,97.02638,21.19669,38.800095,3,E
34.51548,86.70604,88.16465,14.622158,43.716717,3,F
31.94025,83.13985,82.13359,17.661016,44.645046,3,F
34.653664,84.71866,90.49789,18.190908,43.08427,3,F
32.34425,91.63024,98.944016,13.990576,42.859615,3,E
32.554485,88.350746,89.47942,14.838562,44.50118,3,F
32.91187,81.47884,80.64779,17.814617,42.276634,3,F
34.2281,87.335304,94.73012,16.491632,43.007828,3,F
32.84934,81.517044,80.14002,17.862656,42.63142,3,F
34.905357,86.48089,91.32954,17.055185,43.85124,3,F
33.764217,85.72601,85.57292,15.681395,46.053272,3,F
33.268402,85.94546,97.482765,19.659472,39.570232,3,E
33.411316,87.934006,95.66657,17.736395,40.995174,3,E
33.665554,79.80837,82.35582,21.953108,39.332874,3,E
33.556168,86.99825,95.70445,17.772568,41.91375,3,E
34.27885,80.94842,87.572716,21.906353,39.399532,3,E
33.46863,83.73892,89.35765,19.197721,40.251617,3,E
32.371105,86.126274,94.78752,17.745665,40.449677,3,E
32.45748,84.32955,89.66402,18.434185,43.367416,3,F
32.924564,83.205475,91.45964,21.145456,39.975086,3,E
35.099678,89.54405,100.227615,15.483301,44.440094,3,F
33.72901,83.044426,88.37222,18.258348,41.057613,3,F
34.130966,81.89068,84.4262,18.419767,43.137383,3,F
34.72687,81.79095,86.13587,19.851946,42.7847,3,F
33.407753,86.540474,92.760086,17.166483,43.076073,3,F
32.503536,89.75263,101.60033,17.371328,40.630028,3,E
32.505882,85.46859,91.02188,16.473883,43.445126,3,F
33.414955,83.04441,84.82058,17.58901,42.524055,3,F
33.815327,84.00953,86.14914,17.891882,44.508564,3,F
34.28637,84.586586,85.94433,16.585718,42.988956,3,F
34.112164,83.86978,85.1945,19.105942,43.213764,3,F
33.38308,85.54934,94.06307,18.30939,42.71092,3,F
34.20246,86.07635,94.4862,18.166529,42.158787,3,E
31.752434,86.80753,88.8964,15.431187,44.227745,3,F
33.82746,83.79139,91.29267,20.479073,41.200966,3,E
34.036064,81.8223,82.86961,20.14025,41.668175,3,F
34.102886,87.45614,102.50525,19.455534,39.291203,3,E
31.443329,90.96447,93.53257,12.134672,47.529568,3,F
33.58163,83.966,92.492325,19.631832,40.07646,3,E
33.75347,87.73874,92.67107,14.674957,43.469242,3,F
33.59725,90.600266,105.04759,17.319515,40.35474,3,E
33.263554,84.69551,90.373985,18.0384,42.04672,3,F
32.307526,88.261696,89.64951,13.011501,44.712124,3,F
32.29831,84.32149,88.03038,17.108631,41.672585,3,E
33.829994,86.849495,92.88852,16.568283,41.876007,3,E
33.825546,81.43864,83.68367,20.10806,42.89364,3,F
34.058758,83.038055,91.15335,19.90384,42.00887,3,E
